planet_name,host_name,discovery_method,orbit_semi_major_axis,planet_radius,planet_mass,eccentricity,stellar_mass,distance,v_magnitude
BD-14 3065 b,BD-14 3065 A,Transit,0.0656,21.59,3932.0,0.066,1.41,589.423,11.1
GJ 143 b,GJ 143,Transit,0.1915,2.61,22.7,0.188,0.73,16.32,8.08
GJ 3090 b,GJ 3090,Transit,0.03165,2.13,3.34,0.32,0.519,22.4751,11.403
GJ 3473 b,GJ 3473,Transit,0.01589,1.264,1.86,0.0,0.36,27.3644,13.74
GJ 367 b,GJ 367,Transit,0.00709,0.699,0.633,0.06,0.455,9.41263,10.153
GJ 3929 b,GJ 3929,Transit,0.0252,1.09,1.75,0.0,0.313,15.8095,12.675
Gliese 12 b,Gliese 12,Transit,0.0668,0.958,3.87,0.5,0.2414,12.21,12.6
HD 110113 b,HD 110113,Transit,0.035,2.05,4.55,0.093,0.997,106.307,10.09
HD 1397 b,HD 1397,Transit,0.1097,11.500434,131.89945,0.251,1.324,79.5702,7.79
HD 152843 b,HD 152843,Transit,0.1053,3.41,11.56,0.14,1.15,107.898,8.855
HD 183579 b,HD 183579,Transit,0.1322,3.49,20.4,0.061,0.996,57.2651,8.67
HD 18599 b,HD 18599,Transit,0.048,2.6,24.1,0.34,0.863,38.5653,8.99
HD 191939 b,HD 191939,Transit,0.0804,3.41,10.0,0.031,0.81,53.6089,8.97
HD 191939 c,HD 191939,Transit,0.1752,3.195,8.0,0.034,0.81,53.6089,8.97
HD 191939 d,HD 191939,Transit,0.2132,2.995,2.8,0.031,0.81,53.6089,8.97
HD 202772 A b,HD 202772 A,Transit,0.05208,17.317905,323.23311,0.038,1.72,161.498,8.324
HD 20329 b,HD 20329,Transit,0.018,1.72,7.42,0.0,0.9,63.6796,8.76
HD 207496 b,HD 207496,Transit,0.0629,2.25,6.1,0.231,0.8,23.606,8.23
HD 207897 b,HD 207897,Transit,0.117,2.34302132,14.8,0.0,0.8208,28.2938,8.37
HD 213885 b,HD 213885,Transit,0.02012,1.745,8.83,0.0,1.068,48.0883,7.95
HD 21520 b,HD 21520,Transit,0.1726,2.697,17.7,0.0,1.09,79.208,9.17
HD 221416 b,HD 221416,Transit,0.1228,9.17,60.5,0.115,1.212,95.5483,8.15
HD 23472 b,HD 23472,Transit,0.1162,2.0,8.32,0.072,0.67,39.0341,9.73
HD 23472 c,HD 23472,Transit,0.1646,1.87,3.41,0.063,0.67,39.0341,9.73
HD 23472 d,HD 23472,Transit,0.04298,0.75,0.55,0.07,0.67,39.0341,9.73
HD 23472 e,HD 23472,Transit,0.068,0.818,0.72,0.07,0.67,39.0341,9.73
HD 23472 f,HD 23472,Transit,0.0906,1.137,0.77,0.07,0.67,39.0341,9.73
HD 235088 b,HD 235088,Transit,0.071,2.07506422,4.2,0.0,0.8531,41.1706,9.19
HD 25463 b,HD 25463,Transit,0.076,2.54535814,8.7,0.0,1.251,45.6181,6.91134
HD 25463 c,HD 25463,Transit,0.0443,1.36354953,4.3,0.0,1.251,45.6181,6.91134
HD 260655 b,HD 260655,Transit,0.02933,1.24,2.14,0.039,0.439,10.0055,9.63
HD 260655 c,HD 260655,Transit,0.04749,1.533,3.09,0.038,0.439,10.0055,9.63
HD 2685 b,HD 2685,Transit,0.0568,16.14096,371.8611,0.091,1.43,196.852,9.595
HD 28109 b,HD 28109,Transit,0.1357,2.199,18.496,0.3307,1.26,139.611,9.42
HD 28109 c,HD 28109,Transit,0.308,4.23,7.943,0.1203,1.26,139.611,9.42
HD 28109 d,HD 28109,Transit,0.411,3.25,5.681,0.0864,1.26,139.611,9.42
HD 332231 b,HD 332231,Transit,0.145,9.07303305,74.1,0.0,1.1642,80.6665,8.558
HD 5278 b,HD 5278,Transit,0.1202,2.45,7.8,0.08,1.126,57.5846,7.94
HD 6061 b,HD 6061,Transit,0.06,2.42763557,10.0,0.0,1.0269,67.6203,8.844
HD 63433 b,HD 63433,Transit,0.072,2.16351593,37.3,0.0,0.9883,22.4035,6.92035
HD 63433 c,HD 63433,Transit,0.146,2.58229101,17.2,0.0,0.9883,22.4035,6.92035
HD 63935 b,HD 63935,Transit,0.083,2.91575244,10.5,0.0,0.9406,48.9739,8.58
HD 73583 b,HD 73583,Transit,0.0604,2.79,10.2,0.09,0.73,31.5666,9.67
HD 73583 c,HD 73583,Transit,0.1242,2.39,9.7,0.08,0.73,31.5666,9.67
HD 77946 b,HD 77946,Transit,0.073,2.89646124,10.9,0.211,1.1973,99.451,8.99
HD 86226 c,HD 86226,Transit,0.049,2.16,7.25,0.075,1.019,45.683,7.93
HD 93963 A b,HD 93963 A,Transit,0.02061,1.46954368,2.8,0.0,1.0844,82.3432,9.182
HD 93963 A c,HD 93963 A,Transit,0.04726,3.11976057,18.4,0.0,1.0844,82.3432,9.182
HIP 65 A b,HIP 65 A,Transit,0.01782,22.75427,1021.18779,0.0,0.781,61.7856,11.0
HIP 8152 b,HIP 8152,Transit,0.093,2.53625843,8.9,0.0,0.9373,101.694,10.07
HIP 8152 c,HIP 8152,Transit,0.139,2.52442508,10.7,0.2,0.9373,101.694,10.07
HIP 94235 b,HIP 94235,Transit,0.0787,3.0,379.0,0.32,1.094,58.5146,8.31
HIP 9618 b,HIP 9618,Transit,0.145,3.82838127,8.3,0.0,0.942,67.5478,9.2
HIP 9618 c,HIP 9618,Transit,0.269,3.42855926,7.0,0.0,0.942,67.5478,9.2
HIP 97166 b,HIP 97166,Transit,0.091,2.4801338,19.1,0.29,0.9342,65.9501,9.92
HR 858 b,HR 858,Transit,0.04888,2.004,3.55,0.0,1.204,31.964,6.38
HR 858 c,HR 858,Transit,0.0687,1.979,3.8,0.0,1.204,31.964,6.38
HR 858 d,HR 858,Transit,0.1046,2.001,7.1,0.0,1.204,31.964,6.38
L 168-9 b,L 168-9,Transit,0.0208,1.63,4.07,0.0,0.614,25.1496,11.005
L 98-59 b,L 98-59,Transit,0.02191,0.85,0.4,0.103,0.273,10.6194,11.685
L 98-59 c,L 98-59,Transit,0.0304,1.385,2.22,0.103,0.273,10.6194,11.685
L 98-59 d,L 98-59,Transit,0.0486,1.521,1.94,0.074,0.273,10.6194,11.685
LP 714-47 b,LP 714-47,Transit,0.0417,4.7,30.8,0.04,0.59,52.616,12.492
LP 791-18 c,LP 791-18,Transit,0.02961,2.438,7.1,8e-05,0.139,26.4927,16.91
LTT 1445 A c,LTT 1445 A,Transit,0.02661,1.147,1.54,0.223,0.257,6.86929,10.59
LTT 3780 b,LTT 3780,Transit,0.01195,1.325,2.46,0.0,0.381,21.9814,13.14
LTT 3780 c,LTT 3780,Transit,0.0757,2.39,8.04,0.024,0.381,21.9814,13.14
LTT 9779 b,LTT 9779,Transit,0.01679,4.72,29.32,0.0,0.77,80.4373,9.79
NGTS-11 b,NGTS-11,Transit,0.201,9.157753,109.33352,0.13,0.862,190.422,12.456
NGTS-20 b,NGTS-20,Transit,0.313,11.99360935,947.12865286,0.432,1.47,382.898,11.233
NGTS-27 b,NGTS-27,Transit,0.0446,15.64773706,188.47224535,0.0,1.07,942.122,13.523
NGTS-30 b,NGTS-30,Transit,0.408,10.40193409,305.11527072,0.294,0.94,238.377,12.537
NGTS-33 b,NGTS-33,Transit,0.048,18.38272835,1153.71711741,0.0,1.6,437.855,11.604
TIC 139270665 b,TIC 139270665,Transit,0.163,7.22979255,147.15455244,0.105,1.035,189.875,10.385
TIC 172900988 b,TIC 172900988 Aa,Transit,0.90281,11.25,942.0,0.0271,1.2384,250.956,10.141
TIC 237913194 b,TIC 237913194,Transit,0.1207,12.520453,617.22586,0.575,1.026,306.063,12.144
TIC 241249530 b,TIC 241249530,Transit,0.641,13.29385111,1582.78546686,0.9412,1.271,324.448,11.908
TIC 257060897 b,TIC 257060897,Transit,0.051,16.70138124,212.94503269,0.03,1.32,505.703,11.814
TIC 279401253 b,TIC 279401253,Transit,0.369,11.2089807,1951.46641898,0.448,1.13,285.584,11.938
TIC 365102760 b,TIC 365102760,Transit,0.0622,6.21,19.2,0.406,1.17,555.546,12.154
TIC 393818343 b,TIC 393818343,Transit,0.1291,12.18416202,1379.37528638,0.6058,1.082,93.7345,9.48
TIC 46432937 b,TIC 46432937,Transit,0.02065,13.31626907,1017.0509024,0.009,0.563,90.5369,14.268
TIC 4672985 b,TIC 4672985,Transit,0.33,11.5004142,4049.13390518,0.018,1.01,253.385,11.501
TOI-1052 b,TOI-1052,Transit,0.09103,2.87,16.9,0.18,1.204,129.804,9.511
TOI-1062 b,TOI-1062,Transit,0.052,2.265,10.15,0.177,0.94,82.1733,10.249
TOI-1064 b,TOI-1064,Transit,0.06152,2.587,13.5,0.047,0.748,68.0726,10.938
TOI-1064 c,TOI-1064,Transit,0.09429,2.651,2.5,0.088,0.748,68.0726,10.938
TOI-1075 b,TOI-1075,Transit,0.01159,1.791,9.95,0.0,0.604,61.4592,12.615
TOI-1107 b,TOI-1107,Transit,0.0561,14.57167491,1064.72516345,0.025,1.35,281.314,10.553
TOI-1130 b,TOI-1130,Transit,0.0453,3.66,19.8,0.052162,0.745,58.2609,11.595
TOI-1130 c,TOI-1130,Transit,0.0731,13.0,336.0,0.0398,0.745,58.2609,11.595
TOI-1173 b,TOI-1173,Transit,0.0696,9.19,27.4,0.023,0.911,132.353,11.038
TOI-1194 b,TOI-1194,Transit,0.034,8.71664516,120.0,0.0,0.9835,149.667,11.302
TOI-1199 b,TOI-1199,Transit,0.04988,10.5140239,75.96098927,0.03,1.23,248.427,11.093
TOI-1201 b,TOI-1201,Transit,0.0287,2.415,6.28,0.0,0.512,37.8871,12.26
TOI-1221 b,TOI-1221,Transit,0.387,2.91,1112.3994245,0.21,0.93,138.411,10.494
TOI-1231 b,TOI-1231,Transit,0.1288,3.65,15.4,0.087,0.485,27.6227,12.36
TOI-1246 c,TOI-1246,Transit,0.061,2.45109846,9.1,0.0,0.8889,169.422,11.632
TOI-1246 d,TOI-1246,Transit,0.132,3.43139739,5.4,0.0,0.8889,169.422,11.632
TOI-1246 e,TOI-1246,Transit,0.212,3.5141875,14.5,0.0,0.8889,169.422,11.632
TOI-1248 b,TOI-1248,Transit,0.051,6.8084859,27.4,0.0,0.9042,168.735,11.806
TOI-1249 b,TOI-1249,Transit,0.109,3.2710301,11.9,0.0,1.0062,139.49,11.089
TOI-125 b,TOI-125,Transit,0.05186,2.726,9.5,0.194,0.859,111.059,11.023
TOI-125 c,TOI-125,Transit,0.0814,2.759,6.63,0.066,0.859,111.059,11.023
TOI-125 d,TOI-125,Transit,0.137,2.93,13.6,0.168,0.859,111.059,11.023
TOI-1259 A b,TOI-1259 A,Transit,0.0407,11.45557828,140.16232749,0.0,0.744,118.106,12.079
TOI-1260 b,TOI-1260,Transit,0.0367,2.41,8.56,0.0,0.679,73.5977,11.922
TOI-1260 c,TOI-1260,Transit,0.0657,2.76,13.2,0.0,0.679,73.5977,11.922
TOI-1260 d,TOI-1260,Transit,0.1116,3.12,11.84,0.0,0.679,73.5977,11.922
TOI-1266 b,TOI-1266,Transit,0.073,2.52,4.46,0.039,0.437,36.0118,12.941
TOI-1266 c,TOI-1266,Transit,0.105,1.98,3.17,0.071,0.437,36.0118,12.941
TOI-1268 b,TOI-1268,Transit,0.0711,9.1,96.4,0.105,0.96,109.557,10.92
TOI-1269 b,TOI-1269,Transit,0.0496,2.40144286,6.4,0.0,0.9027,172.138,11.618
TOI-1272 b,TOI-1272,Transit,0.0417,4.13204907,27.0,0.35,0.8772,137.572,11.758
TOI-1273 b,TOI-1273,Transit,0.0549,11.09689089,70.55790635,0.055,1.06,177.118,10.98
TOI-1278 b,TOI-1278,Transit,0.095,12.21778896,5879.8255295,0.013,0.54,75.5759,13.502
TOI-1279 b,TOI-1279,Transit,0.085,2.66146528,10.6,0.0,0.8784,107.055,10.714
TOI-1288 b,TOI-1288,Transit,0.0374,4.96846551,44.1,0.0,0.9552,114.865,10.445
TOI-1294 b,TOI-1294,Transit,0.051,10.12369881,63.9,0.0,1.1578,332.648,11.314
TOI-1295 b,TOI-1295,Transit,0.047,15.69257298,451.31633794,0.024,1.38,388.227,11.303
TOI-1296 b,TOI-1296,Transit,0.051,14.11645916,95.3,0.0,1.1576,323.265,11.37
TOI-1298 b,TOI-1298,Transit,0.057,9.65807033,99.0,0.0,1.2187,319.036,11.889
TOI-132 b,TOI-132,Transit,0.026,3.42,22.4,0.059,0.97,163.678,11.197
TOI-1333 b,TOI-1333,Transit,0.0626,15.647764,753.2571,0.073,1.464,200.492,9.438
TOI-1386 b,TOI-1386,Transit,0.173,6.2163865,45.8,0.0,1.0363,146.858,10.61
TOI-1408 b,TOI-1408,Transit,0.05778,25.0,593.0,0.0023,1.312,139.484,9.270001
TOI-1408 c,TOI-1408,Transit Timing Variations,0.03587,2.22,7.6,0.1353,1.312,139.484,9.270001
TOI-1410.01,TOI-1410,Transit,0.0207,3.10083009,12.5,0.0,0.7941,72.7512,11.111
TOI-1411 b,TOI-1411,Transit,0.02122,1.19880592,2.0,0.0,0.6045,32.4778,10.51
TOI-1416 b,TOI-1416,Transit,0.019,1.62,3.48,0.0,0.798,55.0135,9.91
TOI-1420 b,TOI-1420,Transit,0.071,11.89,25.1,0.17,0.987,201.918,11.655
TOI-1422 b,TOI-1422,Transit,0.108,3.96,9.0,0.04,0.981,155.141,10.622
TOI-1431 b,TOI-1431,Transit,0.046,16.70138124,991.62462984,0.0022,1.9,148.925,8.03
TOI-1437 b,TOI-1437,Transit,0.14,2.24,9.6,0.17,1.1,103.297,9.173
TOI-1439 b,TOI-1439,Transit,0.192,4.2427861,38.5,0.157,1.2313,230.306,10.55
TOI-1443 b,TOI-1443,Transit,0.147,2.30381001,30.0,0.0,0.7663,85.8034,10.675
TOI-1444 b,TOI-1444,Transit,0.0116,1.41792246,3.58,0.0,0.9513,125.463,10.936
TOI-1448 b,TOI-1448,Transit,0.0567,2.749,19.5,0.36,0.372,73.3345,15.678
TOI-1451 b,TOI-1451,Transit,0.127,2.61143902,15.2,0.0,1.0022,91.9362,9.584
TOI-1452 b,TOI-1452,Transit,0.061,1.672,4.82,0.0,0.249,30.5212,14.354
TOI-1470 b,TOI-1470,Transit,0.0285,2.18,7.32,0.3,0.471,51.9503,13.459
TOI-1470 c,TOI-1470,Transit,0.106,2.47,7.24,0.5,0.471,51.9503,13.459
TOI-1472 b,TOI-1472,Transit,0.065,4.15964583,16.5,0.0,0.9154,121.84,11.302
TOI-150.01,TOI-150,Transit,0.07037,14.067295,797.7533,0.262,1.351,336.267,11.39
TOI-157 b,TOI-157,Transit,0.03138,14.414774,375.0394,0.0,0.948,355.683,12.725
TOI-1601 b,TOI-1601,Transit,0.069,14.19902343,387.0,0.0,1.5055,336.608,10.66
TOI-163 b,TOI-163,Transit,0.058,16.690201,387.7526,0.0,1.4352,411.719,11.467
TOI-1669 c,TOI-1669,Transit,0.0376,2.2963977,13.0,0.0,0.9867,111.276,10.218
TOI-1670 b,TOI-1670,Transit,0.103,2.06,41.31769291,0.59,1.21,168.067,9.889
TOI-1670 c,TOI-1670,Transit,0.249,11.06326395,200.23189641,0.09,1.21,168.067,9.889
TOI-1685 b,TOI-1685,Transit,0.01138,1.468,3.03,0.0,0.454,37.6153,13.378
TOI-169 b,TOI-169,Transit,0.03524,12.172974,251.40353,0.0,1.147,407.84,12.355
TOI-1694 b,TOI-1694,Transit,0.045,5.3422266,31.3,0.0,0.853,124.68,11.446
TOI-1695 b,TOI-1695,Transit,0.033548,1.9,6.36,0.097,0.513,45.1309,12.989
TOI-1710 b,TOI-1710,Transit,0.166,5.20315158,22.4,0.0,1.0258,81.2271,9.545
TOI-172 b,TOI-172,Transit,0.0914,10.816685,1722.6386,0.3806,1.128,342.831,11.299
TOI-1728 b,TOI-1728,Transit,0.0391,5.05,26.78,0.057,0.646,60.798,12.39
TOI-1736 b,TOI-1736,Transit,0.073,3.18175535,12.3,0.0,1.0373,88.9482,8.953
TOI-1742 b,TOI-1742,Transit,0.154,2.36507598,9.7,0.3,1.0861,72.8871,8.863
TOI-1749 b,TOI-1749,Transit,0.0291,1.39,57.0,0.14,0.58,99.5561,13.86
TOI-1749 c,TOI-1749,Transit,0.0443,2.12,14.0,0.019,0.58,99.5561,13.86
TOI-1749 d,TOI-1749,Transit,0.0707,2.52,15.0,0.062,0.58,99.5561,13.86
TOI-1751 b,TOI-1751,Transit,0.215,2.9507845,19.5,0.327,0.9382,113.335,9.327
TOI-1753 b,TOI-1753,Transit,0.059,2.47852533,16.6,0.0,0.9483,226.671,11.831
TOI-1759 b,TOI-1759,Transit,0.1177,3.14,10.8,0.0,0.606,40.0654,11.93
TOI-1775 b,TOI-1775,Transit,0.08,8.04728896,96.0,0.0,0.9218,149.234,11.648
TOI-1776 b,TOI-1776,Transit,0.0378,1.21612741,1.4,0.0,0.9196,44.647,8.26
TOI-1794 b,TOI-1794,Transit,0.082,3.29701268,8.7,0.0,0.9698,155.791,10.32
TOI-1807 b,TOI-1807,Transit,0.0122,1.49681583,2.44,0.0,0.8048,42.5775,10.0
TOI-181 b,TOI-181,Transit,0.0539,6.9559,46.1687,0.1543,0.822,96.2338,11.191
TOI-1811 b,TOI-1811,Transit,0.04389,11.14172682,308.9292116,0.052,0.817,128.23,11.966
TOI-1820 b,TOI-1820,Transit,0.061,12.778238,731.0053361,0.043,1.04,248.504,10.899
TOI-1823 b,TOI-1823,Transit,0.212,7.5406241,67.4,0.0,0.8414,71.6456,10.728
TOI-1824 b,TOI-1824,Transit,0.151,2.7438269,16.0,0.0,0.8801,59.4314,9.721
TOI-1836 b,TOI-1836,Transit,0.1597,8.00321222,38.45723725,0.0,1.307,191.649,9.765
TOI-1836 c,TOI-1836,Transit,0.03089,2.59987579,8.0,0.0,1.2518,191.649,9.765
TOI-1842 b,TOI-1842,Transit,0.1,12.3485023,89.4,0.276,1.4643,223.465,9.815
TOI-1853 b,TOI-1853,Transit,0.0213,3.46,73.2,0.03,0.837,165.105,12.178
TOI-1855 b,TOI-1855,Transit,0.02398,18.49481816,360.09958513,0.033,0.987,176.833,11.197
TOI-1898 b,TOI-1898,Transit,0.269,9.39553231,129.0,0.485,1.2484,79.6682,7.87
TOI-1899 b,TOI-1899,Transit,0.1525,11.09689089,212.94503269,0.044,0.632,128.438,14.88
TOI-1937 A b,TOI-1937 A,Transit,0.01932,13.97759893,638.83509807,0.0,1.072,415.135,13.18
TOI-199 b,TOI-199,Transit,0.4254,9.07927437,54.03082919,0.09,0.936,102.27,10.701
TOI-1994 b,TOI-1994,Transit,0.0613,13.67495645,7024.0077947,0.341,1.86,515.603,10.514
TOI-2000 b,TOI-2000,Transit,0.04271,2.7,11.0,0.0,1.082,175.713,10.984
TOI-2000 c,TOI-2000,Transit,0.0878,8.14,81.7,0.063,1.082,175.713,10.984
TOI-201 b,TOI-201,Transit,0.3,11.298672,133.4886,0.28,1.316,113.825,9.07
TOI-2010 b,TOI-2010,Transit,0.5516,11.81426566,408.7273314,0.212,1.112,109.19,9.849
TOI-2015 b,TOI-2015,Transit,0.029322,3.309,9.2,0.0789,0.3041,47.3444,16.11
TOI-2019 b,TOI-2019,Transit,0.128,5.33275337,34.4,0.0,1.1832,198.007,10.263
TOI-2025 b,TOI-2025,Transit,0.0892,11.89272852,1144.1822652,0.394,1.199,335.985,11.599
TOI-2076 c,TOI-2076,Transit,0.142,3.69441587,55.0,0.0,0.8557,41.9091,9.139
TOI-2076 d,TOI-2076,Transit,0.199,3.43087751,29.0,0.0,0.8557,41.9091,9.139
TOI-2088 b,TOI-2088,Transit,0.472,3.6831179,37.0,0.0,0.9027,126.46,11.638
TOI-2095 b,TOI-2095,Transit,0.101,1.25,4.1,0.0,0.44,41.9176,13.19
TOI-2095 c,TOI-2095,Transit,0.137,1.33,7.4,0.0,0.44,41.9176,13.19
TOI-2107 b,TOI-2107,Transit,0.03515,13.57407563,263.79757781,0.033,0.961,236.705,12.0363
TOI-2120 b,TOI-2120,Transit,0.0377,2.122,6.8,0.32,0.211,32.1755,15.648
TOI-2128 b,TOI-2128,Transit,0.127,2.08874836,4.5,0.0,1.0251,36.578,7.22142
TOI-2134 b,TOI-2134,Transit,0.078,2.69,9.13,0.06,0.744,22.6202,8.933
TOI-2134 c,TOI-2134,Transit,0.371,7.27,41.89,0.67,0.744,22.6202,8.933
TOI-2136 b,TOI-2136,Transit,0.057,2.19,6.37,0.0,0.34,33.3631,14.32
TOI-2141 b,TOI-2141,Transit,0.133,3.05,24.0,0.21,0.94,77.682,9.46
TOI-2145 b,TOI-2145,Transit,0.111,12.41899699,1767.0,0.21,1.7169,224.731,9.07
TOI-2152 A b,TOI-2152,Transit,0.05064,14.35870428,899.45439181,0.057,1.516,303.006,11.436
TOI-2154 b,TOI-2154,Transit,0.0513,16.28664896,292.40213444,0.117,1.233,296.46,11.068
TOI-2158 b,TOI-2158,Transit,0.075,10.76062147,260.61929374,0.07,1.12,198.473,10.887
TOI-2180 b,TOI-2180,Transit,0.828,11.32107051,875.61726129,0.3683,1.111,116.685,9.162
TOI-2193 A b,TOI-2193 A,Transit,0.03319,19.83989584,298.75870258,0.0,1.082,337.064,11.976
TOI-2196 b,TOI-2196,Transit,0.02234,3.51,26.0,0.0,1.032,259.947,12.297
TOI-220 b,TOI-220,Transit,0.08911,3.03,13.8,0.032,0.825,90.7402,10.466
TOI-2202 b,TOI-2202,Transit,0.09564,11.32107051,310.83618205,0.042,0.823,235.933,13.004
TOI-2207 b,TOI-2207,Transit,0.0854,11.1529358,203.41018048,0.174,1.296,373.345,11.316
TOI-2236 b,TOI-2236,Transit,0.05009,14.36991326,502.16888306,0.0,1.343,355.59,11.6
TOI-2285 b,TOI-2285,Transit,0.1363,1.74,19.5,0.3,0.454,42.409,13.403
TOI-2295 b,TOI-2295,Transit,0.1992,16.47720163,278.09985612,0.334,1.168,126.279,9.595
TOI-2328 b,TOI-2328,Transit,0.127,9.97599282,50.85254512,0.057,0.95,231.782,12.331
TOI-2338 b,TOI-2338,Transit,0.158,11.2089807,1900.61387386,0.676,0.99,313.996,12.483
TOI-2364 b,TOI-2364,Transit,0.04871,8.60849718,71.51139158,0.0,0.954,219.614,12.234
TOI-2368 b,TOI-2368,Transit,0.05649,10.83908434,206.58846455,0.061,0.897,210.915,12.486
TOI-2373 b,TOI-2373,Transit,0.112,10.42435205,2955.8041851,0.112,1.041,508.686,13.251
TOI-2374 b,TOI-2374,Transit,0.0471,6.81,56.64,0.13,0.75,134.655,12.095
TOI-2379 b,TOI-2379,Transit,0.05263,11.72459381,1830.69162432,0.342,0.645,211.247,15.548
TOI-2384 b,TOI-2384,Transit,0.02793,11.48920522,624.85064816,0.0,0.635,191.51,15.103
TOI-2416 b,TOI-2416,Transit,0.0831,9.86390302,953.485221,0.32,1.118,557.733,13.019
TOI-2420 b,TOI-2420,Transit,0.0684,15.02003414,294.62693329,0.055,1.158,435.174,11.574
TOI-2421 b,TOI-2421,Transit,0.0543,10.36830715,105.83685953,0.0,1.131,327.927,11.419
TOI-2443 b,TOI-2443,Transit,0.105,2.363,4.8,0.301,0.642,23.9258,9.51
TOI-2447 b,TOI-2447,Transit,0.347,9.60609646,124.90656395,0.17,1.034,148.987,10.507
TOI-2458 b,TOI-2458,Transit,0.0482,2.83,13.31,0.087,1.05,112.958,9.202
TOI-2485 b,TOI-2485,Transit,0.1093,12.1393261,766.60211768,0.0341,1.163,397.953,11.935
TOI-2497 b,TOI-2497,Transit,0.1166,11.14172682,1531.93292174,0.195,1.859,285.289,9.547
TOI-2498 b,TOI-2498,Transit,0.0491,6.06,34.62,0.089,1.12,275.265,11.196
TOI-251 b,TOI-251,Transit,0.05741,2.74,317.83,0.0,1.036,99.523,9.887
TOI-2524 b,TOI-2524,Transit,0.073,11.2089807,203.41018048,0.0,1.007,438.842,12.8
TOI-2525 b,TOI-2525,Transit,0.1511,8.67575106,26.69758619,0.17,0.849,395.398,14.216
TOI-2525 c,TOI-2525,Transit,0.249,10.13291855,208.8132634,0.157,0.849,395.398,14.216
TOI-2529 b,TOI-2529,Transit,0.327,11.54525012,743.71847238,0.021,1.11,296.271,11.529
TOI-2537 b,TOI-2537,Transit,0.3715,11.25381662,415.40172795,0.364,0.771,184.986,13.236
TOI-2567 b,TOI-2567,Transit,0.0672,10.92875618,63.88350981,0.0,1.13,504.775,12.3
TOI-257 b,TOI-257,Transit,0.1528,7.16253867,43.86032017,0.0,1.407,76.9028,7.57
TOI-2570 b,TOI-2570,Transit,0.04145,13.64132951,260.61929374,0.0,1.063,361.857,12.569
TOI-2580 b,TOI-2580,Transit,0.048,17.37392009,200.23189641,0.08,1.33,379.253,11.419
TOI-2583 A b,TOI-2583 A,Transit,0.0571,14.4595851,79.45710175,0.0,1.215,566.189,12.586
TOI-2587 A b,TOI-2587 A,Transit,0.0635,12.07207221,69.28659273,0.0,1.15,373.675,11.544
TOI-2589 b,TOI-2589,Transit,0.3,12.10569916,1112.3994245,0.522,0.93,200.273,11.415
TOI-260 b,TOI-260,Transit,0.0943,1.71,4.23,0.0,0.616,20.1852,9.9
TOI-2641 b,TOI-2641,Transit,0.0607,18.10250383,122.6817651,0.18,1.16,344.045,11.693
TOI-269 b,TOI-269,Transit,0.0345,2.77,8.8,0.425,0.3917,57.0225,14.37
TOI-270 b,TOI-270,Transit,0.03197,1.206,1.58,0.034,0.386,22.4793,12.603
TOI-270 c,TOI-270,Transit,0.04526,2.355,6.15,0.027,0.386,22.4793,12.603
TOI-270 d,TOI-270,Transit,0.0721,2.133,4.78,0.032,0.386,22.4793,12.603
TOI-2714 b,TOI-2714,Transit,0.036,13.72,228.0,0.164,1.07,597.873,13.468
TOI-2796 b,TOI-2796,Transit,0.0569,17.26183028,139.84449908,0.0,1.063,350.343,12.475
TOI-2803 A b,TOI-2803 A,Transit,0.03185,18.11371281,309.88269682,0.0,1.118,494.818,12.537
TOI-2818 b,TOI-2818,Transit,0.0493,15.27784069,225.65816897,0.0,0.977,312.674,11.937
TOI-2842 b,TOI-2842,Transit,0.0475,12.84549188,117.59651059,0.0,1.135,460.995,12.59
TOI-286 b,TOI-286,Transit,0.0503,1.42,4.53,0.0,0.832,59.2293,9.866
TOI-286 c,TOI-286,Transit,0.213,1.88,3.72,0.0,0.832,59.2293,9.866
TOI-2981 b,TOI-2981,Transit,0.048,13.4,638.0,0.035,1.03,527.789,13.361
TOI-3023 b,TOI-3023,Transit,0.0505,16.43236571,197.05361234,0.0,1.12,389.916,12.252
TOI-3071 b,TOI-3071,Transit,0.0249,7.16,68.2,0.09,1.29,485.219,12.383
TOI-3235 b,TOI-3235,Transit,0.02709,11.39953337,211.35589065,0.029,0.3939,72.811,15.16
TOI-3261 b,TOI-3261,Transit,0.01714,3.82,30.3,0.0,0.861,300.141,13.261
TOI-329 b,TOI-329,Transit,0.0638,4.94057819,40.4,0.39,1.0678,284.388,11.262
TOI-332 b,TOI-332,Transit,0.0159,3.2,57.2,0.0,0.88,222.852,12.349
TOI-3321 b,TOI-3321,Transit,0.047,15.55806521,176.07693748,0.054,1.041,285.895,11.076
TOI-3331 A b,TOI-3331 A,Transit,0.03144,12.97999965,721.47048389,0.0,1.016,217.193,11.635
TOI-3362 b,TOI-3362,Transit,0.153,12.80065596,1598.3590588,0.815,1.445,366.987,10.86
TOI-3364 b,TOI-3364,Transit,0.0675,12.22899794,530.77343969,0.0,1.186,277.899,11.875
TOI-3568 b,TOI-3568,Transit,0.0485,5.3,26.4,0.035,0.78,197.906,12.879
TOI-3629 b,TOI-3629,Transit,0.043,8.29464572,82.63538582,0.05,0.63,130.091,14.639
TOI-3688 A b,TOI-3688 A,Transit,0.0456,13.08088048,311.47183886,0.0,1.199,396.378,12.241
TOI-3693 b,TOI-3693,Transit,0.0813,12.59889431,324.18497514,0.0,0.867,176.436,11.948
TOI-3714 b,TOI-3714,Transit,0.027,11.32107051,222.4798849,0.03,0.53,112.71,15.7
TOI-3757 b,TOI-3757,Transit,0.03845,12.0,85.3,0.14,0.64,181.139,14.812
TOI-3785 b,TOI-3785,Transit,0.043,5.14,14.95,0.11,0.52,79.7634,14.595
TOI-3807 b,TOI-3807,Transit,0.0421,18.49481816,330.54154328,0.0,1.181,421.745,11.856
TOI-3819 b,TOI-3819,Transit,0.04611,13.13692538,352.78953177,0.0,1.242,558.141,12.542
TOI-3837 b,TOI-3837,Transit,0.099,10.87271128,187.51876013,0.221,0.89,311.705,11.673
TOI-3884 b,TOI-3884,Transit,0.0361,6.43,32.59,0.06,0.298,43.1448,15.744
TOI-3894 b,TOI-3894,Transit,0.05354,15.27784069,260.61929374,0.05,1.138,417.365,11.992
TOI-3912 b,TOI-3912,Transit,0.0463,14.28024141,129.03833324,0.0,1.088,465.992,12.507
TOI-3919 b,TOI-3919,Transit,0.0795,12.31866979,1233.17421916,0.259,1.208,604.591,12.858
TOI-3976 A b,TOI-3976 A,Transit,0.0743,12.27383387,55.61997123,0.0,1.254,516.087,12.403
TOI-3984 A b,TOI-3984 A,Transit,0.041,7.9,44.0,0.23,0.49,108.883,15.694
TOI-4010 b,TOI-4010,Transit,0.0229,3.02,11.0,0.03,0.88,177.504,12.291
TOI-4010 c,TOI-4010,Transit,0.058,5.93,20.31,0.03,0.88,177.504,12.291
TOI-4010 d,TOI-4010,Transit,0.113,6.18,38.15,0.07,0.88,177.504,12.291
TOI-406 c,TOI-406,Transit,0.0322,1.32,2.08,0.032,0.408,31.0597,13.773
TOI-406.01,TOI-406,Transit,0.0809,2.08,6.57,0.056,0.408,31.0597,13.773
TOI-4087 b,TOI-4087,Transit,0.04469,13.04725353,232.01473711,0.0,1.178,301.676,12.107
TOI-4127 b,TOI-4127,Transit,0.3081,12.28504285,731.0053361,0.7471,1.23,319.632,11.441
TOI-4137 b,TOI-4137,Transit,0.05222,13.57407563,457.67290608,0.0,1.313,334.993,11.31
TOI-4145 A b,TOI-4145 A,Transit,0.04823,13.30506009,136.66621501,0.0,0.905,205.387,12.084
TOI-4153 b,TOI-4153,Transit,0.06311,16.11851425,365.50266805,0.039,1.572,423.84,11.601
TOI-4201 b,TOI-4201,Transit,0.04,13.67495645,788.21444936,0.041,0.61,189.011,15.163
TOI-421 b,TOI-421,Transit,0.0554,2.64,6.7,0.13,0.833,74.7969,9.931
TOI-421 c,TOI-421,Transit,0.117,5.09,14.1,0.19,0.833,74.7969,9.931
TOI-431 b,TOI-431,Transit,0.0113,1.28,3.07,0.0,0.78,32.5686,9.12
TOI-431 d,TOI-431,Transit,0.098,3.29,9.9,0.0,0.78,32.5686,9.12
TOI-4377 b,TOI-4377,Transit,0.0579,15.10970598,304.1617855,0.045,1.36,455.82,11.707
TOI-4406 b,TOI-4406,Transit,0.201,11.2089807,95.3485221,0.15,1.19,261.834,10.937
TOI-4438 b,TOI-4438,Transit,0.0534,2.52,5.4,0.14,0.368,30.0346,13.69
TOI-4463 A b,TOI-4463 A,Transit,0.04036,13.26022417,252.35575516,0.0,1.056,173.117,11.036
TOI-4504 c,TOI-4504,Transit,0.3569,11.09689089,1197.32317485,0.032,0.89,342.605,13.364
TOI-4515 b,TOI-4515,Transit,0.118,12.17,637.0,0.461,0.949,193.499,11.938
TOI-4551 b,TOI-4551,Transit,0.0994,11.85910158,473.56432643,0.101,1.31,215.986,9.973
TOI-4600 b,TOI-4600,Transit,0.349,6.8,959.84178914,0.25,0.89,216.056,12.577
TOI-4600 c,TOI-4600,Transit,1.152,9.42,2946.26933289,0.21,0.89,216.056,12.577
TOI-4603 b,TOI-4603,Transit,0.0888,11.67975789,4096.80816623,0.325,1.765,225.643,9.24
TOI-4633 c,TOI-4633,Transit,0.847,3.2,123.0,0.117,1.1,95.2016,9.017
TOI-4641 b,TOI-4641,Transit,0.173,8.18255591,1229.99593509,0.074,1.41,86.3501,7.51
TOI-4791 b,TOI-4791,Transit,0.0555,12.44196858,734.18362017,0.0,1.242,328.802,11.541
TOI-480 b,TOI-480,Transit,0.077,2.85372018,20.8,0.0,1.2793,54.5306,7.28
TOI-481 b,TOI-481,Transit,0.097,11.09691,486.2799,0.153,1.14,179.366,9.972
TOI-4860 b,TOI-4860,Transit,0.01808,8.7,86.7,0.008,0.34,80.1423,16.47
TOI-4914 b,TOI-4914,Transit,0.098,12.87,227.0,0.408,1.03,299.89,12.235
TOI-4994 b,TOI-4994,Transit,0.1515,8.54124329,88.99195396,0.319,1.005,329.304,12.652
TOI-500 b,TOI-500,Transit,0.01189,1.166,1.42,0.063,0.74,47.3924,10.54
TOI-5027 b,TOI-5027,Transit,0.093,10.76062147,642.01338214,0.385,1.02,204.429,11.566
TOI-5076 b,TOI-5076,Transit,0.1481,3.48935569,16.14568308,0.0,0.789,82.857,10.9
TOI-5110 b,TOI-5110,Transit,0.2157,11.98240037,921.7023803,0.745,1.469,392.259,11.06
TOI-5153 b,TOI-5153,Transit,0.158,11.88151954,1036.12060682,0.091,1.24,390.484,11.932
TOI-519 b,TOI-519,Transit,0.0159,11.54525012,147.15455244,0.33,0.335,115.557,17.35
TOI-5205 b,TOI-5205,Transit,0.0199,11.6,343.0,0.02,0.392,86.4493,15.899
TOI-5218 b,TOI-5218,Transit,0.0469,9.86,657.0,0.0,0.739,377.483,16.044
TOI-5232 b,TOI-5232,Transit,0.05593,12.778238,743.71847238,0.035,1.389,609.388,12.246
TOI-5293 A b,TOI-5293 A,Transit,0.034,11.9,170.4,0.38,0.54,162.229,16.19
TOI-530 b,TOI-530,Transit,0.052,9.30345398,127.1313628,0.0,0.53,148.762,15.403
TOI-5301 b,TOI-5301,Transit,0.073,13.09208946,1182.32167404,0.33,1.483,629.161,11.738
TOI-532 b,TOI-532,Transit,0.0296,5.82,61.5,0.0,0.639,135.047,14.413
TOI-5344 b,TOI-5344,Transit,0.04041,10.60369574,130.94530368,0.054,0.612,138.367,15.402
TOI-5398 b,TOI-5398,Transit,0.098,10.3,58.7,0.13,1.146,130.855,10.059
TOI-5398 c,TOI-5398,Transit,0.057,3.52,11.8,0.14,1.146,130.855,10.059
TOI-544 b,TOI-544,Transit,0.0225,2.018,2.89,0.0,0.631,41.1166,10.777
TOI-5542 b,TOI-5542,Transit,0.332,11.30986153,419.53349724,0.018,0.89,348.849,12.42
TOI-558 b,TOI-558,Transit,0.1291,12.17295304,1147.36054927,0.298,1.349,402.63,11.233
TOI-559 b,TOI-559,Transit,0.0723,12.22899794,1910.14872607,0.151,1.026,233.266,11.091
TOI-561 b,TOI-561,Transit,0.01064,1.397,2.02,0.0,0.806,85.799,10.252
TOI-561 c,TOI-561,Transit,0.0889,2.865,5.93,0.023,0.806,85.799,10.252
TOI-561 d,TOI-561,Transit,0.1587,2.615,13.33,0.111,0.806,85.799,10.252
TOI-561 e,TOI-561,Transit,0.33,2.517,12.4,0.074,0.806,85.799,10.252
TOI-5616 b,TOI-5616,Transit,0.0272,10.78,624.0,0.0,0.666,390.415,16.74
TOI-5634 A b,TOI-5634 A,Transit,0.0272,10.42,588.0,0.0,0.556,306.144,16.854
TOI-564 b,TOI-564,Transit,0.02734,11.43318,464.98529,0.072,0.998,199.581,11.097
TOI-5678 b,TOI-5678,Transit,0.249,4.91,20.0,0.14,0.905,165.393,11.438
TOI-5688 A b,TOI-5688 A,Transit,0.03379,10.3,124.0,0.128,0.6,226.318,15.78
TOI-6016 b,TOI-6016,Transit,0.055,13.67495645,371.85923619,0.0,1.31,364.715,11.886
TOI-6034 b,TOI-6034,Transit,0.02949,11.92,254.0,0.04,0.514,117.992,15.189
TOI-6130 b,TOI-6130,Transit,0.036,14.3474953,333.71982735,0.036,1.31,220.882,11.21
TOI-615 b,TOI-615,Transit,0.0678,18.97680433,138.25535705,0.39,1.449,360.408,10.825
TOI-622 b,TOI-622,Transit,0.0708,9.2362001,96.30200732,0.42,1.313,123.297,8.995
TOI-628 b,TOI-628,Transit,0.0486,11.88154,2011.8639,0.072,1.311,178.68,10.112
TOI-6383 A b,TOI-6383 A,Transit,0.02292,11.29,331.0,0.05,0.458,171.319,16.63
TOI-6628 b,TOI-6628,Transit,0.134,10.98480109,235.19302118,0.67,0.97,320.527,12.9
TOI-6651 b,TOI-6651,Transit,0.0633,5.09,61.0,0.091,1.323,212.128,10.242
TOI-669 b,TOI-669,Transit,0.048,2.58606487,10.0,0.0,0.9245,142.867,10.606
TOI-674 b,TOI-674,Transit,0.025,5.25,23.6,0.0,0.42,46.0851,14.203
TOI-677 b,TOI-677,Transit,0.1041,13.11450742,392.20025424,0.46,1.181,141.812,9.822
TOI-733 b,TOI-733,Transit,0.0618,1.992,5.72,0.046,0.956,75.2092,9.44
TOI-757 b,TOI-757,Transit,0.122,2.5,10.5,0.39,0.8,60.3418,9.743
TOI-762 A b,TOI-762 A,Transit,0.03418,8.33948164,79.77493016,0.083,0.442,98.4458,16.0
TOI-763 b,TOI-763,Transit,0.06,2.28,9.79,0.04,0.917,95.1274,10.265
TOI-763 c,TOI-763,Transit,0.1011,2.63,9.32,0.04,0.917,95.1274,10.265
TOI-776 b,TOI-776,Transit,0.0653,1.798,5.0,0.052,0.542,27.1701,11.536
TOI-776 c,TOI-776,Transit,0.1001,2.047,6.9,0.089,0.542,27.1701,11.536
TOI-778 b,TOI-778,Transit,0.06,15.4,878.0,0.21,1.4,161.743,9.109
TOI-782 b,TOI-782,Transit,0.0578,2.734,19.1,0.19,0.397,52.5122,14.83
TOI-784 b,HD 307842,Transit,0.038,1.93,9.67,0.0,0.91,64.5997,9.412
TOI-815 b,TOI-815,Transit,0.0903,2.94,7.6,0.2,0.776,59.7117,10.217
TOI-815 c,TOI-815,Transit,0.193,2.62,23.5,0.22,0.776,59.7117,10.217
TOI-836 b,TOI-836,Transit,0.0422,1.704,4.53,0.053,0.678,27.5024,9.92
TOI-836 c,TOI-836,Transit,0.075,2.587,9.6,0.078,0.678,27.5024,9.92
TOI-849 b,TOI-849,Transit,0.0155,3.64,41.8,0.0,0.97,225.734,11.981
TOI-858 B b,TOI-858 B,Transit,0.04435,14.06727078,349.6112477,0.15,1.081,250.489,11.183
TOI-892 b,TOI-892,Transit,0.092,11.99363,301.9385,0.125,1.28,340.543,11.43
TOI-905 b,TOI-905,Transit,0.04666,13.125739,211.99261,0.024,0.968,158.649,11.08
TOI-908 b,TOI-908,Transit,0.041657,3.186,16.137,0.132,0.95,175.748,11.316
TOI-954 b,TOI-954,Transit,0.04963,9.550068,55.30242,0.14,1.201,238.768,10.343
WASP-132 c,WASP-132,Transit,0.01833,1.841,6.26,0.0,0.789,122.91,11.938
WD 1856+534 b,WD 1856+534,Transit,0.0204,10.4,4386.054,0.0,0.518,24.7359,17.244
Wolf 327 b,Wolf 327,Transit,0.01,1.24,2.53,0.0,0.405,28.5321,13.018
pi Men c,HD 39091,Transit,0.068,2.11,4.3,0.0,1.07,18.2702,5.65
